Domain Code,Domain,Area Code (FAO),Area,Year Code,Year,Item Code,Item,Months Code,Months,Unit,Value,Flag,Flag Description,Note
"CP","Consumer Price Indices","2","Afghanistan","2017","2017","23013","Consumer Prices, Food Indices (2015 = 100)","7012","December","","113.832502","X","International reliable sources","base year is 2015"
"CP","Consumer Price Indices","284","Åland Islands","2017","2017","23013","Consumer Prices, Food Indices (2015 = 100)","7012","December","","100.636471","X","International reliable sources","base year is 2015"
"CP","Consumer Price Indices","3","Albania","2017","2017","23013","Consumer Prices, Food Indices (2015 = 100)","7012","December","","105.132572","X","International reliable sources","base year is 2015"
"CP","Consumer Price Indices","4","Algeria","2017","2017","23013","Consumer Prices, Food Indices (2015 = 100)","7012","December","","111.015653","X","International reliable sources","base year is 2015"
"CP","Consumer Price Indices","6","Andorra","2017","2017","23013","Consumer Prices, Food Indices (2015 = 100)","7012","December","","104.885907","X","International reliable sources","base year is 2015"
"CP","Consumer Price Indices","7","Angola","2017","2017","23013","Consumer Prices, Food Indices (2015 = 100)","7012","December","","183.757815","X","International reliable sources","base year is 2015"
"CP","Consumer Price Indices","258","Anguilla","2017","2017","23013","Consumer Prices, Food Indices (2015 = 100)","7012","December","","101.441055","X","International reliable sources","base year is 2015"
"CP","Consumer Price Indices","8","Antigua and Barbuda","2017","2017","23013","Consumer Prices, Food Indices (2015 = 100)","7012","December","","102.493493","X","International reliable sources","base year is 2015"
"CP","Consumer Price Indices","9","Argentina","2017","2017","23013","Consumer Prices, Food Indices (2015 = 100)","7012","December","","143.476356","","Official data","base year is 2015"
"CP","Consumer Price Indices","1","Armenia","2017","2017","23013","Consumer Prices, Food Indices (2015 = 100)","7012","December","","103.525785","X","International reliable sources","base year is 2015"
"CP","Consumer Price Indices","22","Aruba","2017","2017","23013","Consumer Prices, Food Indices (2015 = 100)","7012","December","","97.810679","","Official data","base year is 2015"
"CP","Consumer Price Indices","10","Australia","2017","2017","23013","Consumer Prices, Food Indices (2015 = 100)","7012","December","","101.84973","","Official data","base year is 2015"
"CP","Consumer Price Indices","11","Austria","2017","2017","23013","Consumer Prices, Food Indices (2015 = 100)","7012","December","","104.300522","X","International reliable sources","base year is 2015"
"CP","Consumer Price Indices","52","Azerbaijan","2017","2017","23013","Consumer Prices, Food Indices (2015 = 100)","7012","December","","137.525291","X","International reliable sources","base year is 2015"
"CP","Consumer Price Indices","12","Bahamas","2017","2017","23013","Consumer Prices, Food Indices (2015 = 100)","7012","December","","100.219352","X","International reliable sources","base year is 2015"
"CP","Consumer Price Indices","13","Bahrain","2017","2017","23013","Consumer Prices, Food Indices (2015 = 100)","7012","December","","101.903445","X","International reliable sources","base year is 2015"
"CP","Consumer Price Indices","16","Bangladesh","2017","2017","23013","Consumer Prices, Food Indices (2015 = 100)","7012","December","","116.000498","X","International reliable sources","base year is 2015"
"CP","Consumer Price Indices","14","Barbados","2017","2017","23013","Consumer Prices, Food Indices (2015 = 100)","7012","December","","121.945129","X","International reliable sources","base year is 2015"
"CP","Consumer Price Indices","57","Belarus","2017","2017","23013","Consumer Prices, Food Indices (2015 = 100)","7012","December","","120.59984","X","International reliable sources","base year is 2015"
"CP","Consumer Price Indices","255","Belgium","2017","2017","23013","Consumer Prices, Food Indices (2015 = 100)","7012","December","","104.2831","X","International reliable sources","base year is 2015"
"CP","Consumer Price Indices","23","Belize","2017","2017","23013","Consumer Prices, Food Indices (2015 = 100)","7012","December","","99.340829","X","International reliable sources","base year is 2015"
"CP","Consumer Price Indices","53","Benin","2017","2017","23013","Consumer Prices, Food Indices (2015 = 100)","7012","December","","100.826915","X","International reliable sources","base year is 2015"
"CP","Consumer Price Indices","18","Bhutan","2017","2017","23013","Consumer Prices, Food Indices (2015 = 100)","7012","December","","116.055391","","Official data","base year is 2015"
"CP","Consumer Price Indices","19","Bolivia (Plurinational State of)","2017","2017","23013","Consumer Prices, Food Indices (2015 = 100)","7012","December","","110.954091","","Official data","base year is 2015"
"CP","Consumer Price Indices","80","Bosnia and Herzegovina","2017","2017","23013","Consumer Prices, Food Indices (2015 = 100)","7012","December","","99.5009","X","International reliable sources","base year is 2015"
"CP","Consumer Price Indices","20","Botswana","2017","2017","23013","Consumer Prices, Food Indices (2015 = 100)","7012","December","","105.454641","X","International reliable sources","base year is 2015"
"CP","Consumer Price Indices","21","Brazil","2017","2017","23013","Consumer Prices, Food Indices (2015 = 100)","7012","December","","112.1666","X","International reliable sources","base year is 2015"
"CP","Consumer Price Indices","239","British Virgin Islands","2017","2017","23013","Consumer Prices, Food Indices (2015 = 100)","7012","December","","99.123472","F","FAO estimate","base year is 2015"
"CP","Consumer Price Indices","26","Brunei Darussalam","2017","2017","23013","Consumer Prices, Food Indices (2015 = 100)","7012","December","","101.225778","X","International reliable sources","base year is 2015"
"CP","Consumer Price Indices","27","Bulgaria","2017","2017","23013","Consumer Prices, Food Indices (2015 = 100)","7012","December","","104.336471","X","International reliable sources","base year is 2015"
"CP","Consumer Price Indices","233","Burkina Faso","2017","2017","23013","Consumer Prices, Food Indices (2015 = 100)","7012","December","","104.243617","X","International reliable sources","base year is 2015"
"CP","Consumer Price Indices","29","Burundi","2017","2017","23013","Consumer Prices, Food Indices (2015 = 100)","7012","December","","130.898975","X","International reliable sources","base year is 2015"
"CP","Consumer Price Indices","35","Cabo Verde","2017","2017","23013","Consumer Prices, Food Indices (2015 = 100)","7012","December","","99.32918","X","International reliable sources","base year is 2015"
"CP","Consumer Price Indices","115","Cambodia","2017","2017","23013","Consumer Prices, Food Indices (2015 = 100)","7012","December","","110.232083","X","International reliable sources","base year is 2015"
"CP","Consumer Price Indices","32","Cameroon","2017","2017","23013","Consumer Prices, Food Indices (2015 = 100)","7012","December","","101.965277","X","International reliable sources","base year is 2015"
"CP","Consumer Price Indices","33","Canada","2017","2017","23013","Consumer Prices, Food Indices (2015 = 100)","7012","December","","100.0767","X","International reliable sources","base year is 2015"
"CP","Consumer Price Indices","36","Cayman Islands","2017","2017","23013","Consumer Prices, Food Indices (2015 = 100)","7012","December","","101.47954","X","International reliable sources","base year is 2015"
"CP","Consumer Price Indices","39","Chad","2017","2017","23013","Consumer Prices, Food Indices (2015 = 100)","7012","December","","90.999119","X","International reliable sources","base year is 2015"
"CP","Consumer Price Indices","40","Chile","2017","2017","23013","Consumer Prices, Food Indices (2015 = 100)","7012","December","","107.0929","X","International reliable sources","base year is 2015"
"CP","Consumer Price Indices","96","China, Hong Kong SAR","2017","2017","23013","Consumer Prices, Food Indices (2015 = 100)","7012","December","","106.43787","X","International reliable sources","base year is 2015"
"CP","Consumer Price Indices","128","China, Macao SAR","2017","2017","23013","Consumer Prices, Food Indices (2015 = 100)","7012","December","","105.461414","X","International reliable sources","base year is 2015"
"CP","Consumer Price Indices","41","China, mainland","2017","2017","23013","Consumer Prices, Food Indices (2015 = 100)","7012","December","","104.0011","X","International reliable sources","base year is 2015"
"CP","Consumer Price Indices","44","Colombia","2017","2017","23013","Consumer Prices, Food Indices (2015 = 100)","7012","December","","113.0231","X","International reliable sources","base year is 2015"
"CP","Consumer Price Indices","45","Comoros","2017","2017","23013","Consumer Prices, Food Indices (2015 = 100)","7012","December","","104.323054","","Official data","base year is 2015"
"CP","Consumer Price Indices","46","Congo","2017","2017","23013","Consumer Prices, Food Indices (2015 = 100)","7012","December","","98.72583","X","International reliable sources","base year is 2015"
"CP","Consumer Price Indices","47","Cook Islands","2017","2017","23013","Consumer Prices, Food Indices (2015 = 100)","7012","December","","101.979903","X","International reliable sources","base year is 2015"
"CP","Consumer Price Indices","48","Costa Rica","2017","2017","23013","Consumer Prices, Food Indices (2015 = 100)","7012","December","","103.0246","X","International reliable sources","base year is 2015"
"CP","Consumer Price Indices","107","Côte d'Ivoire","2017","2017","23013","Consumer Prices, Food Indices (2015 = 100)","7012","December","","103.126809","X","International reliable sources","base year is 2015"
"CP","Consumer Price Indices","98","Croatia","2017","2017","23013","Consumer Prices, Food Indices (2015 = 100)","7012","December","","101.7","X","International reliable sources","base year is 2015"
"CP","Consumer Price Indices","279","Curaçao","2017","2017","23013","Consumer Prices, Food Indices (2015 = 100)","7012","December","","104.447279","X","International reliable sources","base year is 2015"
"CP","Consumer Price Indices","50","Cyprus","2017","2017","23013","Consumer Prices, Food Indices (2015 = 100)","7012","December","","96.47","","Official data","base year is 2015"
"CP","Consumer Price Indices","167","Czechia","2017","2017","23013","Consumer Prices, Food Indices (2015 = 100)","7012","December","","106.4","X","International reliable sources","base year is 2015"
"CP","Consumer Price Indices","250","Democratic Republic of the Congo","2017","2017","23013","Consumer Prices, Food Indices (2015 = 100)","7012","December","","116.044473","F","FAO estimate","base year is 2015"
"CP","Consumer Price Indices","54","Denmark","2017","2017","23013","Consumer Prices, Food Indices (2015 = 100)","7012","December","","102.9","X","International reliable sources","base year is 2015"
"CP","Consumer Price Indices","72","Djibouti","2017","2017","23013","Consumer Prices, Food Indices (2015 = 100)","7012","December","","106.936486","X","International reliable sources","base year is 2015"
"CP","Consumer Price Indices","55","Dominica","2017","2017","23013","Consumer Prices, Food Indices (2015 = 100)","7012","December","","100.692414","X","International reliable sources","base year is 2015"
"CP","Consumer Price Indices","56","Dominican Republic","2017","2017","23013","Consumer Prices, Food Indices (2015 = 100)","7012","December","","108.375097","X","International reliable sources","base year is 2015"
"CP","Consumer Price Indices","58","Ecuador","2017","2017","23013","Consumer Prices, Food Indices (2015 = 100)","7012","December","","101.812931","","Official data","base year is 2015"
"CP","Consumer Price Indices","59","Egypt","2017","2017","23013","Consumer Prices, Food Indices (2015 = 100)","7012","December","","168.258855","X","International reliable sources","base year is 2015"
"CP","Consumer Price Indices","60","El Salvador","2017","2017","23013","Consumer Prices, Food Indices (2015 = 100)","7012","December","","100.057369","X","International reliable sources","base year is 2015"
"CP","Consumer Price Indices","61","Equatorial Guinea","2017","2017","23013","Consumer Prices, Food Indices (2015 = 100)","7012","December","","96.842871","X","International reliable sources","base year is 2015"
"CP","Consumer Price Indices","63","Estonia","2017","2017","23013","Consumer Prices, Food Indices (2015 = 100)","7012","December","","107.2426","X","International reliable sources","base year is 2015"
"CP","Consumer Price Indices","209","Eswatini","2017","2017","23013","Consumer Prices, Food Indices (2015 = 100)","7012","December","","124.729533","X","International reliable sources","base year is 2015"
"CP","Consumer Price Indices","238","Ethiopia","2017","2017","23013","Consumer Prices, Food Indices (2015 = 100)","7012","December","","123.808569","X","International reliable sources","base year is 2015"
"CP","Consumer Price Indices","66","Fiji","2017","2017","23013","Consumer Prices, Food Indices (2015 = 100)","7012","December","","101.181806","X","International reliable sources","base year is 2015"
"CP","Consumer Price Indices","67","Finland","2017","2017","23013","Consumer Prices, Food Indices (2015 = 100)","7012","December","","99.19","X","International reliable sources","base year is 2015"
"CP","Consumer Price Indices","68","France","2017","2017","23013","Consumer Prices, Food Indices (2015 = 100)","7012","December","","102.18","X","International reliable sources","base year is 2015"
"CP","Consumer Price Indices","70","French Polynesia","2017","2017","23013","Consumer Prices, Food Indices (2015 = 100)","7012","December","","102.033623","","Official data","base year is 2015"
"CP","Consumer Price Indices","74","Gabon","2017","2017","23013","Consumer Prices, Food Indices (2015 = 100)","7012","December","","97.952898","X","International reliable sources","base year is 2015"
"CP","Consumer Price Indices","75","Gambia","2017","2017","23013","Consumer Prices, Food Indices (2015 = 100)","7012","December","","120.875693","X","International reliable sources","base year is 2015"
"CP","Consumer Price Indices","73","Georgia","2017","2017","23013","Consumer Prices, Food Indices (2015 = 100)","7012","December","","111.227323","X","International reliable sources","base year is 2015"
"CP","Consumer Price Indices","79","Germany","2017","2017","23013","Consumer Prices, Food Indices (2015 = 100)","7012","December","","105","X","International reliable sources","base year is 2015"
"CP","Consumer Price Indices","81","Ghana","2017","2017","23013","Consumer Prices, Food Indices (2015 = 100)","7012","December","","118.456337","X","International reliable sources","base year is 2015"
"CP","Consumer Price Indices","84","Greece","2017","2017","23013","Consumer Prices, Food Indices (2015 = 100)","7012","December","","99.73506","X","International reliable sources","base year is 2015"
"CP","Consumer Price Indices","85","Greenland","2017","2017","23013","Consumer Prices, Food Indices (2015 = 100)","7012","December","","105.712945","F","FAO estimate","base year is 2015"
"CP","Consumer Price Indices","86","Grenada","2017","2017","23013","Consumer Prices, Food Indices (2015 = 100)","7012","December","","98.91626","X","International reliable sources","base year is 2015"
"CP","Consumer Price Indices","87","Guadeloupe","2017","2017","23013","Consumer Prices, Food Indices (2015 = 100)","7012","December","","105.167052","X","International reliable sources","base year is 2015"
"CP","Consumer Price Indices","88","Guam","2017","2017","23013","Consumer Prices, Food Indices (2015 = 100)","7012","December","","100.352757","X","International reliable sources","base year is 2015"
"CP","Consumer Price Indices","89","Guatemala","2017","2017","23013","Consumer Prices, Food Indices (2015 = 100)","7012","December","","126.804669","X","International reliable sources","base year is 2015"
"CP","Consumer Price Indices","90","Guinea","2017","2017","23013","Consumer Prices, Food Indices (2015 = 100)","7012","December","","134.208705","X","International reliable sources","base year is 2015"
"CP","Consumer Price Indices","175","Guinea-Bissau","2017","2017","23013","Consumer Prices, Food Indices (2015 = 100)","7012","December","","100.640213","X","International reliable sources","base year is 2015"
"CP","Consumer Price Indices","93","Haiti","2017","2017","23013","Consumer Prices, Food Indices (2015 = 100)","7012","December","","131.81249","X","International reliable sources","base year is 2015"
"CP","Consumer Price Indices","95","Honduras","2017","2017","23013","Consumer Prices, Food Indices (2015 = 100)","7012","December","","105.602798","X","International reliable sources","base year is 2015"
"CP","Consumer Price Indices","97","Hungary","2017","2017","23013","Consumer Prices, Food Indices (2015 = 100)","7012","December","","103.8145","X","International reliable sources","base year is 2015"
"CP","Consumer Price Indices","99","Iceland","2017","2017","23013","Consumer Prices, Food Indices (2015 = 100)","7012","December","","99.66061","X","International reliable sources","base year is 2015"
"CP","Consumer Price Indices","100","India","2017","2017","23013","Consumer Prices, Food Indices (2015 = 100)","7012","December","","110.111437","","Official data","base year is 2015"
"CP","Consumer Price Indices","101","Indonesia","2017","2017","23013","Consumer Prices, Food Indices (2015 = 100)","7012","December","","111.228529","X","International reliable sources","base year is 2015"
"CP","Consumer Price Indices","102","Iran (Islamic Republic of)","2017","2017","23013","Consumer Prices, Food Indices (2015 = 100)","7012","December","","125.558481","X","International reliable sources","base year is 2015"
"CP","Consumer Price Indices","103","Iraq","2017","2017","23013","Consumer Prices, Food Indices (2015 = 100)","7012","December","","97.776646","X","International reliable sources","base year is 2015"
"CP","Consumer Price Indices","104","Ireland","2017","2017","23013","Consumer Prices, Food Indices (2015 = 100)","7012","December","","95.60786","X","International reliable sources","base year is 2015"
"CP","Consumer Price Indices","105","Israel","2017","2017","23013","Consumer Prices, Food Indices (2015 = 100)","7012","December","","96.981","X","International reliable sources","base year is 2015"
"CP","Consumer Price Indices","106","Italy","2017","2017","23013","Consumer Prices, Food Indices (2015 = 100)","7012","December","","102.6","X","International reliable sources","base year is 2015"
"CP","Consumer Price Indices","109","Jamaica","2017","2017","23013","Consumer Prices, Food Indices (2015 = 100)","7012","December","","112.771563","X","International reliable sources","base year is 2015"
"CP","Consumer Price Indices","110","Japan","2017","2017","23013","Consumer Prices, Food Indices (2015 = 100)","7012","December","","105.1515","X","International reliable sources","base year is 2015"
"CP","Consumer Price Indices","112","Jordan","2017","2017","23013","Consumer Prices, Food Indices (2015 = 100)","7012","December","","96.055879","X","International reliable sources","base year is 2015"
"CP","Consumer Price Indices","108","Kazakhstan","2017","2017","23013","Consumer Prices, Food Indices (2015 = 100)","7012","December","","125.488061","","Official data","base year is 2015"
"CP","Consumer Price Indices","114","Kenya","2017","2017","23013","Consumer Prices, Food Indices (2015 = 100)","7012","December","","121.591737","X","International reliable sources","base year is 2015"
"CP","Consumer Price Indices","83","Kiribati","2017","2017","23013","Consumer Prices, Food Indices (2015 = 100)","7012","December","","97.588784","X","International reliable sources","base year is 2015"
"CP","Consumer Price Indices","118","Kuwait","2017","2017","23013","Consumer Prices, Food Indices (2015 = 100)","7012","December","","102.259774","X","International reliable sources","base year is 2015"
"CP","Consumer Price Indices","113","Kyrgyzstan","2017","2017","23013","Consumer Prices, Food Indices (2015 = 100)","7012","December","","96.093915","X","International reliable sources","base year is 2015"
"CP","Consumer Price Indices","120","Lao People's Democratic Republic","2017","2017","23013","Consumer Prices, Food Indices (2015 = 100)","7012","December","","103.834914","X","International reliable sources","base year is 2015"
"CP","Consumer Price Indices","119","Latvia","2017","2017","23013","Consumer Prices, Food Indices (2015 = 100)","7012","December","","107.6008","X","International reliable sources","base year is 2015"
"CP","Consumer Price Indices","121","Lebanon","2017","2017","23013","Consumer Prices, Food Indices (2015 = 100)","7012","December","","104.59922","X","International reliable sources","base year is 2015"
"CP","Consumer Price Indices","122","Lesotho","2017","2017","23013","Consumer Prices, Food Indices (2015 = 100)","7012","December","","120.306252","X","International reliable sources","base year is 2015"
"CP","Consumer Price Indices","123","Liberia","2017","2017","23013","Consumer Prices, Food Indices (2015 = 100)","7012","December","","119.939983","X","International reliable sources","base year is 2015"
"CP","Consumer Price Indices","124","Libya","2017","2017","23013","Consumer Prices, Food Indices (2015 = 100)","7012","December","","211.213618","","Official data","base year is 2015"
"CP","Consumer Price Indices","126","Lithuania","2017","2017","23013","Consumer Prices, Food Indices (2015 = 100)","7012","December","","106.6792","X","International reliable sources","base year is 2015"
"CP","Consumer Price Indices","256","Luxembourg","2017","2017","23013","Consumer Prices, Food Indices (2015 = 100)","7012","December","","104.8","X","International reliable sources","base year is 2015"
"CP","Consumer Price Indices","129","Madagascar","2017","2017","23013","Consumer Prices, Food Indices (2015 = 100)","7012","December","","124.350403","X","International reliable sources","base year is 2015"
"CP","Consumer Price Indices","130","Malawi","2017","2017","23013","Consumer Prices, Food Indices (2015 = 100)","7012","December","","154.654156","X","International reliable sources","base year is 2015"
"CP","Consumer Price Indices","131","Malaysia","2017","2017","23013","Consumer Prices, Food Indices (2015 = 100)","7012","December","","109.678496","X","International reliable sources","base year is 2015"
"CP","Consumer Price Indices","132","Maldives","2017","2017","23013","Consumer Prices, Food Indices (2015 = 100)","7012","December","","107.021701","","Official data","base year is 2015"
"CP","Consumer Price Indices","133","Mali","2017","2017","23013","Consumer Prices, Food Indices (2015 = 100)","7012","December","","100.691651","X","International reliable sources","base year is 2015"
"CP","Consumer Price Indices","134","Malta","2017","2017","23013","Consumer Prices, Food Indices (2015 = 100)","7012","December","","107.277313","X","International reliable sources","base year is 2015"
"CP","Consumer Price Indices","135","Martinique","2017","2017","23013","Consumer Prices, Food Indices (2015 = 100)","7012","December","","103.281121","X","International reliable sources","base year is 2015"
"CP","Consumer Price Indices","136","Mauritania","2017","2017","23013","Consumer Prices, Food Indices (2015 = 100)","7012","December","","106.609795","X","International reliable sources","base year is 2015"
"CP","Consumer Price Indices","137","Mauritius","2017","2017","23013","Consumer Prices, Food Indices (2015 = 100)","7012","December","","104.273497","X","International reliable sources","base year is 2015"
"CP","Consumer Price Indices","138","Mexico","2017","2017","23013","Consumer Prices, Food Indices (2015 = 100)","7012","December","","115.6086","X","International reliable sources","base year is 2015"
"CP","Consumer Price Indices","145","Micronesia (Federated States of)","2017","2017","23013","Consumer Prices, Food Indices (2015 = 100)","7012","December","","95.920312","","Official data","base year is 2015"
"CP","Consumer Price Indices","141","Mongolia","2017","2017","23013","Consumer Prices, Food Indices (2015 = 100)","7012","December","","101.814455","X","International reliable sources","base year is 2015"
"CP","Consumer Price Indices","273","Montenegro","2017","2017","23013","Consumer Prices, Food Indices (2015 = 100)","7012","December","","100.118402","","Official data","base year is 2015"
"CP","Consumer Price Indices","142","Montserrat","2017","2017","23013","Consumer Prices, Food Indices (2015 = 100)","7012","December","","99.113071","X","International reliable sources","base year is 2015"
"CP","Consumer Price Indices","143","Morocco","2017","2017","23013","Consumer Prices, Food Indices (2015 = 100)","7012","December","","105.673223","X","International reliable sources","base year is 2015"
"CP","Consumer Price Indices","144","Mozambique","2017","2017","23013","Consumer Prices, Food Indices (2015 = 100)","7012","December","","148.522253","X","International reliable sources","base year is 2015"
"CP","Consumer Price Indices","28","Myanmar","2017","2017","23013","Consumer Prices, Food Indices (2015 = 100)","7012","December","","117.948085","X","International reliable sources","base year is 2015"
"CP","Consumer Price Indices","147","Namibia","2017","2017","23013","Consumer Prices, Food Indices (2015 = 100)","7012","December","","117.774322","","Official data","base year is 2015"
"CP","Consumer Price Indices","149","Nepal","2017","2017","23013","Consumer Prices, Food Indices (2015 = 100)","7012","December","","112.880441","X","International reliable sources","base year is 2015"
"CP","Consumer Price Indices","150","Netherlands","2017","2017","23013","Consumer Prices, Food Indices (2015 = 100)","7012","December","","104.21","X","International reliable sources","base year is 2015"
"CP","Consumer Price Indices","153","New Caledonia","2017","2017","23013","Consumer Prices, Food Indices (2015 = 100)","7012","December","","104.352727","X","International reliable sources","base year is 2015"
"CP","Consumer Price Indices","156","New Zealand","2017","2017","23013","Consumer Prices, Food Indices (2015 = 100)","7012","December","","99.661719","X","International reliable sources","base year is 2015"
"CP","Consumer Price Indices","157","Nicaragua","2017","2017","23013","Consumer Prices, Food Indices (2015 = 100)","7012","December","","106.18326","X","International reliable sources","base year is 2015"
"CP","Consumer Price Indices","158","Niger","2017","2017","23013","Consumer Prices, Food Indices (2015 = 100)","7012","December","","103.102902","X","International reliable sources","base year is 2015"
"CP","Consumer Price Indices","159","Nigeria","2017","2017","23013","Consumer Prices, Food Indices (2015 = 100)","7012","December","","146.327295","X","International reliable sources","base year is 2015"
"CP","Consumer Price Indices","154","North Macedonia","2017","2017","23013","Consumer Prices, Food Indices (2015 = 100)","7012","December","","99.431827","X","International reliable sources","base year is 2015"
"CP","Consumer Price Indices","162","Norway","2017","2017","23013","Consumer Prices, Food Indices (2015 = 100)","7012","December","","100.9","X","International reliable sources","base year is 2015"
"CP","Consumer Price Indices","221","Oman","2017","2017","23013","Consumer Prices, Food Indices (2015 = 100)","7012","December","","99.918291","X","International reliable sources","base year is 2015"
"CP","Consumer Price Indices","165","Pakistan","2017","2017","23013","Consumer Prices, Food Indices (2015 = 100)","7012","December","","108.177304","X","International reliable sources","base year is 2015"
"CP","Consumer Price Indices","180","Palau","2017","2017","23013","Consumer Prices, Food Indices (2015 = 100)","7012","December","","100.884119","","Official data","base year is 2015"
"CP","Consumer Price Indices","299","Palestine","2017","2017","23013","Consumer Prices, Food Indices (2015 = 100)","7012","December","","95.243105","X","International reliable sources","base year is 2015"
"CP","Consumer Price Indices","166","Panama","2017","2017","23013","Consumer Prices, Food Indices (2015 = 100)","7012","December","","100.249409","X","International reliable sources","base year is 2015"
"CP","Consumer Price Indices","168","Papua New Guinea","2017","2017","23013","Consumer Prices, Food Indices (2015 = 100)","7012","December","","108.130052","X","International reliable sources","base year is 2015"
"CP","Consumer Price Indices","169","Paraguay","2017","2017","23013","Consumer Prices, Food Indices (2015 = 100)","7012","December","","116.93755","X","International reliable sources","base year is 2015"
"CP","Consumer Price Indices","170","Peru","2017","2017","23013","Consumer Prices, Food Indices (2015 = 100)","7012","December","","103.763002","","Official data","base year is 2015"
"CP","Consumer Price Indices","171","Philippines","2017","2017","23013","Consumer Prices, Food Indices (2015 = 100)","7012","December","","106.870966","X","International reliable sources","base year is 2015"
"CP","Consumer Price Indices","173","Poland","2017","2017","23013","Consumer Prices, Food Indices (2015 = 100)","7012","December","","107.4939","X","International reliable sources","base year is 2015"
"CP","Consumer Price Indices","174","Portugal","2017","2017","23013","Consumer Prices, Food Indices (2015 = 100)","7012","December","","102.5012","X","International reliable sources","base year is 2015"
"CP","Consumer Price Indices","177","Puerto Rico","2017","2017","23013","Consumer Prices, Food Indices (2015 = 100)","7012","December","","101.344238","","Official data","base year is 2015"
"CP","Consumer Price Indices","179","Qatar","2017","2017","23013","Consumer Prices, Food Indices (2015 = 100)","7012","December","","102.504279","X","International reliable sources","base year is 2015"
"CP","Consumer Price Indices","117","Republic of Korea","2017","2017","23013","Consumer Prices, Food Indices (2015 = 100)","7012","December","","104.4411","X","International reliable sources","base year is 2015"
"CP","Consumer Price Indices","146","Republic of Moldova","2017","2017","23013","Consumer Prices, Food Indices (2015 = 100)","7012","December","","120.476397","","Official data","base year is 2015"
"CP","Consumer Price Indices","182","Réunion","2017","2017","23013","Consumer Prices, Food Indices (2015 = 100)","7012","December","","102.074382","X","International reliable sources","base year is 2015"
"CP","Consumer Price Indices","183","Romania","2017","2017","23013","Consumer Prices, Food Indices (2015 = 100)","7012","December","","101.721614","","Official data","base year is 2015"
"CP","Consumer Price Indices","185","Russian Federation","2017","2017","23013","Consumer Prices, Food Indices (2015 = 100)","7012","December","","108.1254","X","International reliable sources","base year is 2015"
"CP","Consumer Price Indices","184","Rwanda","2017","2017","23013","Consumer Prices, Food Indices (2015 = 100)","7012","December","","118.192012","X","International reliable sources","base year is 2015"
"CP","Consumer Price Indices","188","Saint Kitts and Nevis","2017","2017","23013","Consumer Prices, Food Indices (2015 = 100)","7012","December","","95.506042","X","International reliable sources","base year is 2015"
"CP","Consumer Price Indices","189","Saint Lucia","2017","2017","23013","Consumer Prices, Food Indices (2015 = 100)","7012","December","","96.394506","X","International reliable sources","base year is 2015"
"CP","Consumer Price Indices","191","Saint Vincent and the Grenadines","2017","2017","23013","Consumer Prices, Food Indices (2015 = 100)","7012","December","","104.521528","X","International reliable sources","base year is 2015"
"CP","Consumer Price Indices","244","Samoa","2017","2017","23013","Consumer Prices, Food Indices (2015 = 100)","7012","December","","110.697788","X","International reliable sources","base year is 2015"
"CP","Consumer Price Indices","192","San Marino","2017","2017","23013","Consumer Prices, Food Indices (2015 = 100)","7012","December","","107.010038","","Official data","base year is 2015"
"CP","Consumer Price Indices","193","Sao Tome and Principe","2017","2017","23013","Consumer Prices, Food Indices (2015 = 100)","7012","December","","111.819651","","Official data","base year is 2015"
"CP","Consumer Price Indices","194","Saudi Arabia","2017","2017","23013","Consumer Prices, Food Indices (2015 = 100)","7012","December","","97.83605","X","International reliable sources","base year is 2015"
"CP","Consumer Price Indices","195","Senegal","2017","2017","23013","Consumer Prices, Food Indices (2015 = 100)","7012","December","","106.38809","X","International reliable sources","base year is 2015"
"CP","Consumer Price Indices","272","Serbia","2017","2017","23013","Consumer Prices, Food Indices (2015 = 100)","7012","December","","102.262252","X","International reliable sources","base year is 2015"
"CP","Consumer Price Indices","196","Seychelles","2017","2017","23013","Consumer Prices, Food Indices (2015 = 100)","7012","December","","101.363928","X","International reliable sources","base year is 2015"
"CP","Consumer Price Indices","197","Sierra Leone","2017","2017","23013","Consumer Prices, Food Indices (2015 = 100)","7012","December","","145.780451","X","International reliable sources","base year is 2015"
"CP","Consumer Price Indices","200","Singapore","2017","2017","23013","Consumer Prices, Food Indices (2015 = 100)","7012","December","","103.984887","X","International reliable sources","base year is 2015"
"CP","Consumer Price Indices","199","Slovakia","2017","2017","23013","Consumer Prices, Food Indices (2015 = 100)","7012","December","","103.3361","X","International reliable sources","base year is 2015"
"CP","Consumer Price Indices","198","Slovenia","2017","2017","23013","Consumer Prices, Food Indices (2015 = 100)","7012","December","","104.07","X","International reliable sources","base year is 2015"
"CP","Consumer Price Indices","25","Solomon Islands","2017","2017","23013","Consumer Prices, Food Indices (2015 = 100)","7012","December","","97.543941","X","International reliable sources","base year is 2015"
"CP","Consumer Price Indices","202","South Africa","2017","2017","23013","Consumer Prices, Food Indices (2015 = 100)","7012","December","","120.8108","X","International reliable sources","base year is 2015"
"CP","Consumer Price Indices","277","South Sudan","2017","2017","23013","Consumer Prices, Food Indices (2015 = 100)","7012","December","","1728.893643","X","International reliable sources","base year is 2015"
"CP","Consumer Price Indices","203","Spain","2017","2017","23013","Consumer Prices, Food Indices (2015 = 100)","7012","December","","103.4033","X","International reliable sources","base year is 2015"
"CP","Consumer Price Indices","38","Sri Lanka","2017","2017","23013","Consumer Prices, Food Indices (2015 = 100)","7012","December","","121.476764","X","International reliable sources","base year is 2015"
"CP","Consumer Price Indices","276","Sudan","2017","2017","23013","Consumer Prices, Food Indices (2015 = 100)","7012","December","","173.096308","X","International reliable sources","base year is 2015"
"CP","Consumer Price Indices","207","Suriname","2017","2017","23013","Consumer Prices, Food Indices (2015 = 100)","7012","December","","208.451762","X","International reliable sources","base year is 2015"
"CP","Consumer Price Indices","210","Sweden","2017","2017","23013","Consumer Prices, Food Indices (2015 = 100)","7012","December","","104.5453","X","International reliable sources","base year is 2015"
"CP","Consumer Price Indices","211","Switzerland","2017","2017","23013","Consumer Prices, Food Indices (2015 = 100)","7012","December","","100.3039","X","International reliable sources","base year is 2015"
"CP","Consumer Price Indices","212","Syrian Arab Republic","2017","2017","23013","Consumer Prices, Food Indices (2015 = 100)","7012","December","","183.819502","","Official data","base year is 2015"
"CP","Consumer Price Indices","208","Tajikistan","2017","2017","23013","Consumer Prices, Food Indices (2015 = 100)","7012","December","","116.777867","X","International reliable sources","base year is 2015"
"CP","Consumer Price Indices","216","Thailand","2017","2017","23013","Consumer Prices, Food Indices (2015 = 100)","7012","December","","101.702837","X","International reliable sources","base year is 2015"
"CP","Consumer Price Indices","176","Timor-Leste","2017","2017","23013","Consumer Prices, Food Indices (2015 = 100)","7012","December","","99.617446","","Official data","base year is 2015"
"CP","Consumer Price Indices","217","Togo","2017","2017","23013","Consumer Prices, Food Indices (2015 = 100)","7012","December","","99.172933","X","International reliable sources","base year is 2015"
"CP","Consumer Price Indices","219","Tonga","2017","2017","23013","Consumer Prices, Food Indices (2015 = 100)","7012","December","","109.235324","X","International reliable sources","base year is 2015"
"CP","Consumer Price Indices","220","Trinidad and Tobago","2017","2017","23013","Consumer Prices, Food Indices (2015 = 100)","7012","December","","113.475858","X","International reliable sources","base year is 2015"
"CP","Consumer Price Indices","222","Tunisia","2017","2017","23013","Consumer Prices, Food Indices (2015 = 100)","7012","December","","112.874418","X","International reliable sources","base year is 2015"
"CP","Consumer Price Indices","223","Türkiye","2017","2017","23013","Consumer Prices, Food Indices (2015 = 100)","7012","December","","124.0791","X","International reliable sources","base year is 2015"
"CP","Consumer Price Indices","226","Uganda","2017","2017","23013","Consumer Prices, Food Indices (2015 = 100)","7012","December","","115.747479","X","International reliable sources","base year is 2015"
"CP","Consumer Price Indices","230","Ukraine","2017","2017","23013","Consumer Prices, Food Indices (2015 = 100)","7012","December","","131.963987","X","International reliable sources","base year is 2015"
"CP","Consumer Price Indices","225","United Arab Emirates","2017","2017","23013","Consumer Prices, Food Indices (2015 = 100)","7012","December","","104.268174","X","International reliable sources","base year is 2015"
"CP","Consumer Price Indices","229","United Kingdom of Great Britain and Northern Ireland","2017","2017","23013","Consumer Prices, Food Indices (2015 = 100)","7012","December","","101.9","X","International reliable sources","base year is 2015"
"CP","Consumer Price Indices","215","United Republic of Tanzania","2017","2017","23013","Consumer Prices, Food Indices (2015 = 100)","7012","December","","117.639741","","Official data","base year is 2015"
"CP","Consumer Price Indices","231","United States of America","2017","2017","23013","Consumer Prices, Food Indices (2015 = 100)","7012","December","","98.46566","X","International reliable sources","base year is 2015"
"CP","Consumer Price Indices","234","Uruguay","2017","2017","23013","Consumer Prices, Food Indices (2015 = 100)","7012","December","","116.519395","X","International reliable sources","base year is 2015"
"CP","Consumer Price Indices","235","Uzbekistan","2017","2017","23013","Consumer Prices, Food Indices (2015 = 100)","7012","December","","139.18041","X","International reliable sources","base year is 2015"
"CP","Consumer Price Indices","155","Vanuatu","2017","2017","23013","Consumer Prices, Food Indices (2015 = 100)","7012","December","","111.462978","X","International reliable sources","base year is 2015"
"CP","Consumer Price Indices","236","Venezuela (Bolivarian Republic of)","2017","2017","23013","Consumer Prices, Food Indices (2015 = 100)","7012","December","","11086.187138","X","International reliable sources","base year is 2015"
"CP","Consumer Price Indices","237","Viet Nam","2017","2017","23013","Consumer Prices, Food Indices (2015 = 100)","7012","December","","101.286235","X","International reliable sources","base year is 2015"
"CP","Consumer Price Indices","249","Yemen","2017","2017","23013","Consumer Prices, Food Indices (2015 = 100)","7012","December","","128.044919","F","FAO estimate","base year is 2015"
"CP","Consumer Price Indices","251","Zambia","2017","2017","23013","Consumer Prices, Food Indices (2015 = 100)","7012","December","","131.148498","X","International reliable sources","base year is 2015"
"CP","Consumer Price Indices","181","Zimbabwe","2017","2017","23013","Consumer Prices, Food Indices (2015 = 100)","7012","December","","103.383454","X","International reliable sources","base year is 2015"
